timestamp,open,high,low,close,volume
2025-07-15 12:37:00+05:30,681.79,682.0,681.68,681.85,198.622
2025-07-15 12:38:00+05:30,681.85,681.98,681.72,681.94,80.304
2025-07-15 12:39:00+05:30,681.94,682.05,681.86,682.05,76.904
2025-07-15 12:40:00+05:30,682.05,682.15,682.0,682.0,118.527
2025-07-15 12:41:00+05:30,682.0,682.15,682.0,682.07,48.832
2025-07-15 12:42:00+05:30,682.07,682.1,681.7,681.71,175.747
2025-07-15 12:43:00+05:30,681.7,681.7,681.32,681.32,46.103
2025-07-15 12:44:00+05:30,681.33,681.59,681.32,681.48,32.851
2025-07-15 12:45:00+05:30,681.48,681.54,681.35,681.36,95.583
2025-07-15 12:46:00+05:30,681.36,681.36,680.82,680.82,128.219
2025-07-15 12:47:00+05:30,680.82,681.1,680.65,681.09,103.472
2025-07-15 12:48:00+05:30,681.1,681.1,680.96,681.09,33.408
2025-07-15 12:49:00+05:30,681.09,681.1,680.8,680.88,56.361
2025-07-15 12:50:00+05:30,680.89,681.19,680.89,681.15,183.434
2025-07-15 12:51:00+05:30,681.15,681.15,680.97,681.0,172.966
2025-07-15 12:52:00+05:30,681.0,681.34,680.99,681.25,109.965
2025-07-15 12:53:00+05:30,681.26,681.26,680.99,680.99,249.764
2025-07-15 12:54:00+05:30,680.99,681.22,680.9,681.21,39.646
2025-07-15 12:55:00+05:30,681.22,681.3,681.15,681.25,30.345
2025-07-15 12:56:00+05:30,681.25,681.39,681.0,681.28,182.897
2025-07-15 12:57:00+05:30,681.28,681.28,681.0,681.05,39.137
2025-07-15 12:58:00+05:30,681.04,681.04,681.0,681.01,17.822
2025-07-15 12:59:00+05:30,681.0,681.01,680.83,680.84,56.178
2025-07-15 13:00:00+05:30,680.84,680.84,680.51,680.51,90.738
2025-07-15 13:01:00+05:30,680.51,680.51,680.4,680.41,82.884
2025-07-15 13:02:00+05:30,680.42,680.42,680.08,680.11,233.271
2025-07-15 13:03:00+05:30,680.1,680.43,680.02,680.17,320.221
2025-07-15 13:04:00+05:30,680.17,680.18,680.1,680.14,58.585
2025-07-15 13:05:00+05:30,680.14,680.25,680.13,680.23,76.963
2025-07-15 13:06:00+05:30,680.23,680.24,680.17,680.19,38.671
2025-07-15 13:07:00+05:30,680.19,680.19,680.02,680.02,41.777
2025-07-15 13:08:00+05:30,680.01,680.02,679.77,679.95,182.673
2025-07-15 13:09:00+05:30,679.96,679.98,679.58,679.58,60.873
2025-07-15 13:10:00+05:30,679.58,679.74,679.5,679.74,66.911
2025-07-15 13:11:00+05:30,679.73,680.19,679.73,679.95,89.584
2025-07-15 13:12:00+05:30,679.96,680.44,679.95,680.39,78.901
2025-07-15 13:13:00+05:30,680.39,680.39,680.0,680.01,136.903
2025-07-15 13:14:00+05:30,680.0,680.05,679.75,679.76,595.745
2025-07-15 13:15:00+05:30,679.75,679.9,679.6,679.9,137.268
2025-07-15 13:16:00+05:30,679.9,679.9,679.6,679.7,99.244
2025-07-15 13:17:00+05:30,679.7,679.74,679.42,679.44,123.3
2025-07-15 13:18:00+05:30,679.45,679.6,679.41,679.54,95.285
2025-07-15 13:19:00+05:30,679.53,679.65,679.53,679.55,122.978
2025-07-15 13:20:00+05:30,679.55,679.77,679.51,679.77,84.758
2025-07-15 13:21:00+05:30,679.77,679.89,679.65,679.75,208.859
2025-07-15 13:22:00+05:30,679.75,680.28,679.69,680.28,223.251
2025-07-15 13:23:00+05:30,680.28,680.66,680.27,680.56,161.627
2025-07-15 13:24:00+05:30,680.55,680.88,680.52,680.78,151.253
2025-07-15 13:25:00+05:30,680.79,680.85,680.2,680.21,93.993
2025-07-15 13:26:00+05:30,680.21,680.59,680.21,680.59,101.623
2025-07-15 13:27:00+05:30,680.6,680.66,680.45,680.48,127.382
2025-07-15 13:28:00+05:30,680.48,680.48,679.76,679.8,197.684
2025-07-15 13:29:00+05:30,679.8,679.81,679.14,679.2,196.258
2025-07-15 13:30:00+05:30,679.2,679.71,679.19,679.68,144.588
2025-07-15 13:31:00+05:30,679.68,679.68,679.24,679.24,128.071
2025-07-15 13:32:00+05:30,679.24,679.24,678.54,678.66,175.505
2025-07-15 13:33:00+05:30,678.67,678.74,678.55,678.64,98.214
2025-07-15 13:34:00+05:30,678.65,678.73,678.53,678.62,103.289
2025-07-15 13:35:00+05:30,678.62,678.68,678.5,678.68,109.126
2025-07-15 13:36:00+05:30,678.68,679.0,678.51,679.0,60.184
2025-07-15 13:37:00+05:30,679.0,679.14,678.83,679.06,93.596
2025-07-15 13:38:00+05:30,679.06,679.13,679.04,679.04,62.032
2025-07-15 13:39:00+05:30,679.04,679.45,679.04,679.31,44.591
2025-07-15 13:40:00+05:30,679.31,679.57,679.3,679.56,54.36
2025-07-15 13:41:00+05:30,679.56,679.63,679.47,679.49,112.78
2025-07-15 13:42:00+05:30,679.48,679.6,679.22,679.34,32.528
2025-07-15 13:43:00+05:30,679.34,679.47,679.14,679.46,90.458
2025-07-15 13:44:00+05:30,679.46,679.47,679.24,679.24,31.216
2025-07-15 13:45:00+05:30,679.25,679.25,678.93,679.24,137.42
2025-07-15 13:46:00+05:30,679.25,679.25,678.82,678.82,38.342
2025-07-15 13:47:00+05:30,678.82,678.84,678.36,678.37,100.345
2025-07-15 13:48:00+05:30,678.37,678.6,678.26,678.54,80.377
2025-07-15 13:49:00+05:30,678.54,678.54,678.23,678.24,145.036
2025-07-15 13:50:00+05:30,678.24,678.32,677.9,677.9,104.816
2025-07-15 13:51:00+05:30,677.91,678.49,677.66,678.48,159.753
2025-07-15 13:52:00+05:30,678.48,679.2,678.44,679.19,121.475
2025-07-15 13:53:00+05:30,679.18,679.5,679.15,679.5,82.196
2025-07-15 13:54:00+05:30,679.49,679.68,679.49,679.67,59.082
2025-07-15 13:55:00+05:30,679.66,679.67,678.79,678.9,239.893
2025-07-15 13:56:00+05:30,678.9,679.75,678.9,679.7,78.575
2025-07-15 13:57:00+05:30,679.69,679.9,679.61,679.9,55.902
2025-07-15 13:58:00+05:30,679.89,680.3,679.89,680.26,449.569
2025-07-15 13:59:00+05:30,680.25,680.29,680.14,680.29,23.989
2025-07-15 14:00:00+05:30,680.3,680.67,680.29,680.66,167.084
2025-07-15 14:01:00+05:30,680.64,680.83,680.64,680.72,586.031
2025-07-15 14:02:00+05:30,680.72,681.05,680.72,680.84,188.713
2025-07-15 14:03:00+05:30,680.83,680.91,680.4,680.41,184.325
2025-07-15 14:04:00+05:30,680.41,680.66,680.41,680.56,67.871
2025-07-15 14:05:00+05:30,680.57,680.75,680.52,680.65,49.649
2025-07-15 14:06:00+05:30,680.66,680.66,680.5,680.51,34.288
2025-07-15 14:07:00+05:30,680.51,680.6,680.42,680.58,66.703
2025-07-15 14:08:00+05:30,680.58,680.66,680.55,680.55,14.201
2025-07-15 14:09:00+05:30,680.56,680.67,680.55,680.57,35.36
2025-07-15 14:10:00+05:30,680.57,680.57,680.44,680.55,68.55
2025-07-15 14:11:00+05:30,680.55,680.72,680.55,680.66,131.618
2025-07-15 14:12:00+05:30,680.65,680.66,680.51,680.51,19.501
2025-07-15 14:13:00+05:30,680.52,680.57,680.39,680.51,141.046
2025-07-15 14:14:00+05:30,680.5,680.51,680.4,680.46,93.851
2025-07-15 14:15:00+05:30,680.46,680.66,680.46,680.66,41.073
2025-07-15 14:16:00+05:30,680.65,680.66,680.32,680.55,156.799
2025-07-15 14:17:00+05:30,680.55,680.55,680.37,680.37,65.402
2025-07-15 14:18:00+05:30,680.37,680.43,680.23,680.38,84.803
2025-07-15 14:19:00+05:30,680.39,680.39,680.23,680.23,36.526
2025-07-15 14:20:00+05:30,680.23,680.23,679.9,679.9,39.549
2025-07-15 14:21:00+05:30,679.9,679.91,679.45,679.45,84.519
2025-07-15 14:22:00+05:30,679.46,679.7,679.46,679.7,67.278
2025-07-15 14:23:00+05:30,679.7,679.72,679.68,679.72,26.695
2025-07-15 14:24:00+05:30,679.72,679.73,679.39,679.4,42.776
2025-07-15 14:25:00+05:30,679.39,679.4,679.26,679.26,120.011
2025-07-15 14:26:00+05:30,679.27,679.52,679.26,679.51,135.4
2025-07-15 14:27:00+05:30,679.52,679.52,679.29,679.29,52.503
2025-07-15 14:28:00+05:30,679.3,679.31,679.29,679.3,19.354
2025-07-15 14:29:00+05:30,679.3,679.31,679.2,679.28,31.393
2025-07-15 14:30:00+05:30,679.29,679.29,679.12,679.23,131.188
2025-07-15 14:31:00+05:30,679.23,679.67,679.22,679.66,47.381
2025-07-15 14:32:00+05:30,679.67,679.76,679.57,679.57,89.557
2025-07-15 14:33:00+05:30,679.57,679.57,679.3,679.34,50.44
2025-07-15 14:34:00+05:30,679.34,679.51,679.34,679.5,49.977
2025-07-15 14:35:00+05:30,679.5,679.82,679.5,679.77,71.107
2025-07-15 14:36:00+05:30,679.76,680.0,679.65,680.0,103.743
2025-07-15 14:37:00+05:30,679.99,680.0,679.9,679.93,71.934
2025-07-15 14:38:00+05:30,679.93,680.06,679.92,680.05,22.325
2025-07-15 14:39:00+05:30,680.05,680.1,680.05,680.1,25.678
2025-07-15 14:40:00+05:30,680.1,680.1,680.05,680.05,59.753
2025-07-15 14:41:00+05:30,680.05,680.05,679.84,679.97,89.695
2025-07-15 14:42:00+05:30,679.96,680.1,679.95,679.95,86.383
2025-07-15 14:43:00+05:30,679.96,680.01,679.85,680.01,73.629
2025-07-15 14:44:00+05:30,680.0,680.2,680.0,680.19,45.803
2025-07-15 14:45:00+05:30,680.19,680.23,680.19,680.23,22.68
2025-07-15 14:46:00+05:30,680.23,680.33,679.83,679.84,263.274
2025-07-15 14:47:00+05:30,679.83,679.85,679.63,679.84,55.142
2025-07-15 14:48:00+05:30,679.84,679.85,679.42,679.43,58.921
2025-07-15 14:49:00+05:30,679.42,679.54,679.27,679.31,94.307
2025-07-15 14:50:00+05:30,679.31,679.6,679.28,679.51,57.978
2025-07-15 14:51:00+05:30,679.51,679.51,679.3,679.31,60.506
2025-07-15 14:52:00+05:30,679.31,679.66,679.3,679.65,57.638
2025-07-15 14:53:00+05:30,679.66,679.7,679.6,679.61,94.611
2025-07-15 14:54:00+05:30,679.62,679.62,679.55,679.56,31.784
2025-07-15 14:55:00+05:30,679.55,679.76,679.55,679.76,166.471
2025-07-15 14:56:00+05:30,679.75,679.76,679.5,679.51,59.699
2025-07-15 14:57:00+05:30,679.5,679.51,679.34,679.4,99.26
2025-07-15 14:58:00+05:30,679.4,679.41,679.28,679.29,67.895
2025-07-15 14:59:00+05:30,679.28,679.29,679.08,679.09,128.849
2025-07-15 15:00:00+05:30,679.09,679.1,678.97,678.99,130.367
2025-07-15 15:01:00+05:30,678.99,678.99,678.61,678.61,74.911
2025-07-15 15:02:00+05:30,678.62,678.68,678.6,678.67,55.993
2025-07-15 15:03:00+05:30,678.67,678.81,678.67,678.76,86.515
2025-07-15 15:04:00+05:30,678.76,679.05,678.75,678.99,385.898
2025-07-15 15:05:00+05:30,679.0,679.0,678.9,678.91,37.773
2025-07-15 15:06:00+05:30,678.91,678.95,678.51,678.52,209.914
2025-07-15 15:07:00+05:30,678.52,678.74,678.51,678.74,105.796
2025-07-15 15:08:00+05:30,678.74,678.79,678.61,678.61,195.636
2025-07-15 15:09:00+05:30,678.61,678.61,678.54,678.6,47.725
2025-07-15 15:10:00+05:30,678.61,678.77,678.57,678.59,97.351
2025-07-15 15:11:00+05:30,678.59,678.63,678.49,678.51,61.693
2025-07-15 15:12:00+05:30,678.5,678.51,678.27,678.27,51.727
2025-07-15 15:13:00+05:30,678.28,678.28,678.18,678.19,50.375
2025-07-15 15:14:00+05:30,678.18,678.19,678.06,678.07,104.566
2025-07-15 15:15:00+05:30,678.07,678.15,678.06,678.14,45.789
2025-07-15 15:16:00+05:30,678.15,678.15,678.0,678.13,60.782
2025-07-15 15:17:00+05:30,678.14,678.14,677.8,677.8,77.827
2025-07-15 15:18:00+05:30,677.8,677.81,677.6,677.73,47.051
2025-07-15 15:19:00+05:30,677.73,677.99,677.65,677.99,70.533
2025-07-15 15:20:00+05:30,677.98,678.0,677.7,677.71,73.351
2025-07-15 15:21:00+05:30,677.7,677.79,677.49,677.53,81.487
2025-07-15 15:22:00+05:30,677.53,677.65,677.5,677.6,90.128
2025-07-15 15:23:00+05:30,677.61,677.8,677.6,677.77,112.209
2025-07-15 15:24:00+05:30,677.76,677.77,677.33,677.34,131.278
2025-07-15 15:25:00+05:30,677.34,677.34,677.01,677.01,182.91
2025-07-15 15:26:00+05:30,677.0,677.01,676.75,676.75,161.539
2025-07-15 15:27:00+05:30,676.75,676.79,676.5,676.5,116.246
2025-07-15 15:28:00+05:30,676.5,676.6,676.48,676.49,222.683
2025-07-15 15:29:00+05:30,676.48,676.6,676.48,676.6,67.797
2025-07-15 15:30:00+05:30,676.6,676.8,676.52,676.52,103.156
2025-07-15 15:31:00+05:30,676.53,676.65,676.37,676.61,92.907
2025-07-15 15:32:00+05:30,676.62,676.8,676.61,676.8,39.528
2025-07-15 15:33:00+05:30,676.8,676.9,676.7,676.87,92.455
2025-07-15 15:34:00+05:30,676.87,677.0,676.59,676.99,52.077
2025-07-15 15:35:00+05:30,676.99,677.25,676.99,677.01,120.728
2025-07-15 15:36:00+05:30,677.0,677.09,676.81,676.82,37.753
2025-07-15 15:37:00+05:30,676.82,677.19,676.82,677.19,34.849
2025-07-15 15:38:00+05:30,677.19,677.3,677.18,677.28,46.818
2025-07-15 15:39:00+05:30,677.28,677.5,677.27,677.5,42.794
2025-07-15 15:40:00+05:30,677.49,677.5,677.3,677.35,61.541
2025-07-15 15:41:00+05:30,677.34,677.37,677.32,677.35,69.624
2025-07-15 15:42:00+05:30,677.35,677.35,676.8,676.81,70.236
2025-07-15 15:43:00+05:30,676.8,676.93,676.65,676.65,120.923
2025-07-15 15:44:00+05:30,676.65,676.79,676.51,676.52,103.475
2025-07-15 15:45:00+05:30,676.51,676.74,676.51,676.73,46.657
2025-07-15 15:46:00+05:30,676.74,676.79,676.62,676.63,100.385
2025-07-15 15:47:00+05:30,676.63,677.0,676.62,676.99,81.848
2025-07-15 15:48:00+05:30,676.99,677.4,676.99,677.32,51.279
2025-07-15 15:49:00+05:30,677.32,677.83,677.31,677.59,588.637
2025-07-15 15:50:00+05:30,677.59,677.66,677.52,677.66,183.89
2025-07-15 15:51:00+05:30,677.66,678.14,677.63,678.01,62.499
2025-07-15 15:52:00+05:30,678.0,678.09,677.91,678.08,30.73
2025-07-15 15:53:00+05:30,678.08,678.23,678.05,678.23,40.064
2025-07-15 15:54:00+05:30,678.22,678.49,678.22,678.49,53.288
2025-07-15 15:55:00+05:30,678.49,678.5,678.31,678.43,54.702
2025-07-15 15:56:00+05:30,678.43,678.7,678.43,678.68,77.606
2025-07-15 15:57:00+05:30,678.68,678.71,678.67,678.7,23.307
2025-07-15 15:58:00+05:30,678.71,678.71,678.43,678.43,52.248
2025-07-15 15:59:00+05:30,678.44,678.56,678.43,678.54,34.966
2025-07-15 16:00:00+05:30,678.54,678.73,678.53,678.57,109.275
2025-07-15 16:01:00+05:30,678.57,678.6,678.14,678.59,204.18
2025-07-15 16:02:00+05:30,678.6,678.6,678.22,678.52,34.865
2025-07-15 16:03:00+05:30,678.51,678.52,678.36,678.37,60.015
2025-07-15 16:04:00+05:30,678.36,678.7,678.36,678.68,23.338
2025-07-15 16:05:00+05:30,678.68,678.68,678.55,678.56,34.226
2025-07-15 16:06:00+05:30,678.56,678.99,678.56,678.97,187.975
2025-07-15 16:07:00+05:30,678.96,678.97,678.8,678.94,19.458
2025-07-15 16:08:00+05:30,678.95,678.95,678.94,678.95,24.384
2025-07-15 16:09:00+05:30,678.95,678.95,678.63,678.63,22.119
2025-07-15 16:10:00+05:30,678.63,679.01,678.6,678.91,161.539
2025-07-15 16:11:00+05:30,678.91,679.13,678.91,679.07,151.431
2025-07-15 16:12:00+05:30,679.06,679.3,679.04,679.3,40.067
2025-07-15 16:13:00+05:30,679.3,679.54,679.3,679.53,172.282
2025-07-15 16:14:00+05:30,679.54,679.78,679.53,679.59,150.046
2025-07-15 16:15:00+05:30,679.59,679.59,679.29,679.46,90.807
2025-07-15 16:16:00+05:30,679.46,679.67,679.4,679.4,55.972
2025-07-15 16:17:00+05:30,679.4,679.57,679.16,679.51,86.139
2025-07-15 16:18:00+05:30,679.51,679.51,679.22,679.38,102.135
2025-07-15 16:19:00+05:30,679.38,679.58,679.37,679.52,65.131
2025-07-15 16:20:00+05:30,679.53,679.6,679.52,679.53,20.676
2025-07-15 16:21:00+05:30,679.54,679.7,679.53,679.66,21.684
2025-07-15 16:22:00+05:30,679.66,679.69,679.62,679.69,29.612
2025-07-15 16:23:00+05:30,679.69,679.84,679.69,679.84,28.38
2025-07-15 16:24:00+05:30,679.83,679.84,679.83,679.84,24.496
2025-07-15 16:25:00+05:30,679.83,679.84,679.44,679.45,92.228
2025-07-15 16:26:00+05:30,679.45,679.45,679.39,679.41,58.904
2025-07-15 16:27:00+05:30,679.42,679.6,679.42,679.59,57.278
2025-07-15 16:28:00+05:30,679.58,679.63,679.56,679.56,63.14
2025-07-15 16:29:00+05:30,679.56,679.66,679.26,679.28,305.15
2025-07-15 16:30:00+05:30,679.28,679.87,679.27,679.87,356.199
2025-07-15 16:31:00+05:30,679.87,679.93,679.67,679.92,159.46
2025-07-15 16:32:00+05:30,679.92,680.25,679.87,680.24,89.101
2025-07-15 16:33:00+05:30,680.25,680.25,679.53,679.53,209.602
2025-07-15 16:34:00+05:30,679.54,679.72,679.53,679.72,108.767
2025-07-15 16:35:00+05:30,679.72,679.72,679.54,679.66,76.079
2025-07-15 16:36:00+05:30,679.66,679.66,679.5,679.63,85.25
2025-07-15 16:37:00+05:30,679.63,679.88,679.62,679.88,100.996
2025-07-15 16:38:00+05:30,679.88,679.91,679.49,679.56,115.93
2025-07-15 16:39:00+05:30,679.55,679.55,679.45,679.55,63.213
2025-07-15 16:40:00+05:30,679.54,679.55,679.27,679.27,40.23
2025-07-15 16:41:00+05:30,679.27,679.28,679.04,679.23,37.456
2025-07-15 16:42:00+05:30,679.23,679.28,679.14,679.14,15.473
2025-07-15 16:43:00+05:30,679.14,679.14,679.06,679.07,27.729
2025-07-15 16:44:00+05:30,679.07,679.08,678.87,678.88,57.394
2025-07-15 16:45:00+05:30,678.88,678.88,678.5,678.5,85.933
2025-07-15 16:46:00+05:30,678.5,678.51,678.0,678.01,66.514
2025-07-15 16:47:00+05:30,678.0,678.1,677.84,677.84,51.199
2025-07-15 16:48:00+05:30,677.84,677.9,677.56,677.86,62.117
2025-07-15 16:49:00+05:30,677.86,677.91,677.5,677.51,197.434
2025-07-15 16:50:00+05:30,677.5,677.5,677.2,677.2,257.368
2025-07-15 16:51:00+05:30,677.21,677.3,677.21,677.26,49.742
2025-07-15 16:52:00+05:30,677.26,677.49,677.25,677.48,44.826
2025-07-15 16:53:00+05:30,677.48,677.48,677.2,677.47,72.802
2025-07-15 16:54:00+05:30,677.46,678.0,677.46,677.72,81.84
2025-07-15 16:55:00+05:30,677.73,677.74,677.4,677.41,39.331
2025-07-15 16:56:00+05:30,677.41,677.52,677.35,677.44,55.003
2025-07-15 16:57:00+05:30,677.44,677.44,677.37,677.39,45.024
2025-07-15 16:58:00+05:30,677.4,677.56,677.4,677.53,85.714
2025-07-15 16:59:00+05:30,677.53,677.53,677.3,677.31,92.811
2025-07-15 17:00:00+05:30,677.31,677.59,677.27,677.38,53.191
2025-07-15 17:01:00+05:30,677.37,677.58,677.37,677.58,21.291
2025-07-15 17:02:00+05:30,677.58,677.58,677.37,677.42,146.387
2025-07-15 17:03:00+05:30,677.43,678.2,677.43,678.2,139.101
2025-07-15 17:04:00+05:30,678.2,678.2,677.85,677.85,29.274
2025-07-15 17:05:00+05:30,677.86,678.01,677.8,677.8,26.49
2025-07-15 17:06:00+05:30,677.8,677.8,677.62,677.79,56.564
2025-07-15 17:07:00+05:30,677.8,678.19,677.79,677.98,40.245
2025-07-15 17:08:00+05:30,677.98,678.43,677.98,678.38,50.092
2025-07-15 17:09:00+05:30,678.39,678.39,678.11,678.11,29.929
2025-07-15 17:10:00+05:30,678.11,678.2,677.93,677.93,20.802
2025-07-15 17:11:00+05:30,677.92,677.96,677.81,677.96,39.696
2025-07-15 17:12:00+05:30,677.95,678.37,677.95,678.37,30.361
2025-07-15 17:13:00+05:30,678.38,678.54,678.38,678.48,21.307
2025-07-15 17:14:00+05:30,678.49,678.6,678.48,678.53,20.861
2025-07-15 17:15:00+05:30,678.53,678.63,678.53,678.53,26.93
2025-07-15 17:16:00+05:30,678.54,678.57,678.32,678.32,46.086
2025-07-15 17:17:00+05:30,678.33,678.53,678.23,678.52,57.422
2025-07-15 17:18:00+05:30,678.52,678.7,678.51,678.52,58.789
2025-07-15 17:19:00+05:30,678.52,678.85,678.51,678.79,109.633
2025-07-15 17:20:00+05:30,678.8,679.16,678.79,679.16,26.547
2025-07-15 17:21:00+05:30,679.16,679.17,679.05,679.14,43.5
2025-07-15 17:22:00+05:30,679.15,679.44,679.15,679.43,49.918
2025-07-15 17:23:00+05:30,679.44,679.7,679.44,679.55,31.97
2025-07-15 17:24:00+05:30,679.55,679.69,679.46,679.65,211.646
2025-07-15 17:25:00+05:30,679.66,680.16,679.66,680.05,95.984
2025-07-15 17:26:00+05:30,680.05,680.51,680.04,680.51,30.765
2025-07-15 17:27:00+05:30,680.51,680.76,680.5,680.74,89.132
2025-07-15 17:28:00+05:30,680.73,680.8,680.69,680.7,96.405
2025-07-15 17:29:00+05:30,680.7,680.7,680.49,680.49,41.365
2025-07-15 17:30:00+05:30,680.49,680.79,680.49,680.79,68.412
2025-07-15 17:31:00+05:30,680.78,680.99,680.44,680.45,142.19
2025-07-15 17:32:00+05:30,680.44,680.89,680.43,680.83,112.475
2025-07-15 17:33:00+05:30,680.84,680.84,680.7,680.72,25.941
2025-07-15 17:34:00+05:30,680.71,680.9,680.68,680.89,31.208
2025-07-15 17:35:00+05:30,680.89,681.1,680.8,681.02,135.627
2025-07-15 17:36:00+05:30,681.02,681.22,680.99,681.08,128.836
2025-07-15 17:37:00+05:30,681.08,681.48,681.07,681.34,373.02
2025-07-15 17:38:00+05:30,681.34,681.44,681.07,681.36,494.792
2025-07-15 17:39:00+05:30,681.36,681.4,681.24,681.26,191.416
2025-07-15 17:40:00+05:30,681.26,681.27,680.94,680.94,413.096
2025-07-15 17:41:00+05:30,680.94,680.95,680.63,680.78,145.326
2025-07-15 17:42:00+05:30,680.78,680.8,680.6,680.61,148.506
2025-07-15 17:43:00+05:30,680.6,680.6,680.04,680.33,253.272
2025-07-15 17:44:00+05:30,680.34,680.34,680.11,680.26,51.806
2025-07-15 17:45:00+05:30,680.27,680.55,680.26,680.55,72.789
2025-07-15 17:46:00+05:30,680.56,680.8,680.56,680.71,44.927
2025-07-15 17:47:00+05:30,680.71,680.74,680.5,680.5,45.324
2025-07-15 17:48:00+05:30,680.51,680.51,680.1,680.12,62.581
2025-07-15 17:49:00+05:30,680.12,680.3,680.06,680.3,42.061
2025-07-15 17:50:00+05:30,680.29,680.37,680.26,680.31,30.868
2025-07-15 17:51:00+05:30,680.31,680.44,680.2,680.37,53.445
2025-07-15 17:52:00+05:30,680.37,680.46,680.3,680.32,35.95
2025-07-15 17:53:00+05:30,680.32,680.34,680.13,680.34,55.842
2025-07-15 17:54:00+05:30,680.34,680.58,680.33,680.58,108.106
2025-07-15 17:55:00+05:30,680.57,680.77,680.52,680.59,104.412
2025-07-15 17:56:00+05:30,680.58,680.58,680.3,680.31,86.932
2025-07-15 17:57:00+05:30,680.3,680.59,680.25,680.59,85.552
2025-07-15 17:58:00+05:30,680.58,680.58,680.38,680.47,90.323
2025-07-15 17:59:00+05:30,680.46,680.8,680.46,680.8,54.25
2025-07-15 18:00:00+05:30,680.8,681.93,680.79,681.9,433.695
2025-07-15 18:01:00+05:30,681.9,682.6,681.73,682.47,451.276
2025-07-15 18:02:00+05:30,682.48,683.2,682.48,682.87,349.949
2025-07-15 18:03:00+05:30,682.86,683.0,682.22,682.5,240.337
2025-07-15 18:04:00+05:30,682.49,682.84,682.33,682.78,110.704
2025-07-15 18:05:00+05:30,682.78,682.87,682.42,682.87,193.349
2025-07-15 18:06:00+05:30,682.86,682.87,682.35,682.51,193.772
2025-07-15 18:07:00+05:30,682.51,682.8,681.97,681.97,285.835
2025-07-15 18:08:00+05:30,681.97,681.99,680.89,681.09,303.316
2025-07-15 18:09:00+05:30,681.1,681.15,680.82,681.01,90.616
2025-07-15 18:10:00+05:30,681.01,681.02,680.58,680.59,137.534
2025-07-15 18:11:00+05:30,680.58,680.58,680.0,680.0,143.79
2025-07-15 18:12:00+05:30,680.0,680.0,679.25,679.25,289.984
2025-07-15 18:13:00+05:30,679.24,679.26,678.41,678.63,314.91
2025-07-15 18:14:00+05:30,678.63,678.63,677.7,678.32,248.991
2025-07-15 18:15:00+05:30,678.31,679.47,678.31,678.73,181.668
2025-07-15 18:16:00+05:30,678.72,679.9,678.72,679.9,74.123
2025-07-15 18:17:00+05:30,679.9,680.5,679.82,680.38,180.226
2025-07-15 18:18:00+05:30,680.38,681.0,680.38,680.98,67.696
2025-07-15 18:19:00+05:30,680.98,681.07,680.81,681.06,51.476
2025-07-15 18:20:00+05:30,681.07,681.3,681.04,681.05,68.645
2025-07-15 18:21:00+05:30,681.05,681.73,681.04,681.34,158.191
2025-07-15 18:22:00+05:30,681.34,681.7,681.23,681.41,221.689
2025-07-15 18:23:00+05:30,681.41,681.41,681.2,681.33,117.371
2025-07-15 18:24:00+05:30,681.32,681.5,681.15,681.45,156.03
2025-07-15 18:25:00+05:30,681.45,681.49,681.25,681.42,86.632
2025-07-15 18:26:00+05:30,681.41,681.57,681.34,681.44,94.381
2025-07-15 18:27:00+05:30,681.44,681.44,681.34,681.39,100.271
2025-07-15 18:28:00+05:30,681.38,681.6,681.38,681.5,1005.713
2025-07-15 18:29:00+05:30,681.5,681.6,681.49,681.51,53.53
2025-07-15 18:30:00+05:30,681.5,681.51,681.43,681.46,69.441
2025-07-15 18:31:00+05:30,681.47,681.57,681.34,681.54,70.111
2025-07-15 18:32:00+05:30,681.53,681.92,681.48,681.92,85.074
2025-07-15 18:33:00+05:30,681.91,682.35,681.79,682.35,111.091
2025-07-15 18:34:00+05:30,682.35,682.72,682.34,682.71,81.952
2025-07-15 18:35:00+05:30,682.72,682.99,682.6,682.88,127.312
2025-07-15 18:36:00+05:30,682.88,683.87,682.87,683.8,528.202
2025-07-15 18:37:00+05:30,683.8,683.8,683.26,683.28,636.871
2025-07-15 18:38:00+05:30,683.28,683.64,683.28,683.58,836.492
2025-07-15 18:39:00+05:30,683.57,684.12,683.56,683.89,355.73
2025-07-15 18:40:00+05:30,683.89,684.37,683.6,684.37,310.077
2025-07-15 18:41:00+05:30,684.36,684.76,684.34,684.34,506.933
2025-07-15 18:42:00+05:30,684.34,684.84,684.24,684.84,118.309
2025-07-15 18:43:00+05:30,684.84,684.84,684.24,684.25,144.093
2025-07-15 18:44:00+05:30,684.25,684.5,684.21,684.5,91.401
2025-07-15 18:45:00+05:30,684.5,684.69,684.3,684.58,62.822
2025-07-15 18:46:00+05:30,684.59,684.7,684.32,684.32,83.412
2025-07-15 18:47:00+05:30,684.32,684.32,684.0,684.26,59.75
2025-07-15 18:48:00+05:30,684.26,684.29,683.64,683.65,72.087
2025-07-15 18:49:00+05:30,683.65,683.68,683.52,683.64,59.134
2025-07-15 18:50:00+05:30,683.64,683.88,683.64,683.65,61.095
2025-07-15 18:51:00+05:30,683.65,683.69,683.55,683.63,56.272
2025-07-15 18:52:00+05:30,683.63,683.63,683.0,683.24,94.383
2025-07-15 18:53:00+05:30,683.24,683.65,683.17,683.21,68.762
2025-07-15 18:54:00+05:30,683.2,683.2,682.92,683.02,51.375
2025-07-15 18:55:00+05:30,683.02,683.9,683.01,683.62,151.945
2025-07-15 18:56:00+05:30,683.62,683.97,683.62,683.84,149.676
2025-07-15 18:57:00+05:30,683.84,683.84,683.6,683.68,65.957
2025-07-15 18:58:00+05:30,683.68,683.96,683.64,683.95,63.859
2025-07-15 18:59:00+05:30,683.95,684.0,683.7,683.7,66.751
2025-07-15 19:00:00+05:30,683.71,683.88,683.35,683.47,199.754
2025-07-15 19:01:00+05:30,683.47,683.49,683.18,683.18,84.361
2025-07-15 19:02:00+05:30,683.18,683.29,682.94,683.09,144.804
2025-07-15 19:03:00+05:30,683.09,684.37,683.09,683.84,97.878
2025-07-15 19:04:00+05:30,683.85,684.06,683.7,684.0,190.131
2025-07-15 19:05:00+05:30,684.0,684.02,683.61,683.79,154.404
2025-07-15 19:06:00+05:30,683.8,684.19,683.78,683.87,133.633
2025-07-15 19:07:00+05:30,683.87,683.94,682.72,683.88,726.133
2025-07-15 19:08:00+05:30,683.87,684.06,683.41,683.42,87.448
2025-07-15 19:09:00+05:30,683.42,683.48,682.43,682.55,109.732
2025-07-15 19:10:00+05:30,682.55,683.37,682.45,683.36,134.549
2025-07-15 19:11:00+05:30,683.37,683.44,682.97,683.28,159.884
2025-07-15 19:12:00+05:30,683.29,684.0,683.24,684.0,106.012
2025-07-15 19:13:00+05:30,684.0,685.11,684.0,685.11,261.45
2025-07-15 19:14:00+05:30,685.12,685.12,684.81,684.82,144.629
2025-07-15 19:15:00+05:30,684.83,685.57,684.73,685.57,97.096
2025-07-15 19:16:00+05:30,685.58,685.8,684.72,684.73,228.187
2025-07-15 19:17:00+05:30,684.74,685.2,684.7,684.71,114.728
2025-07-15 19:18:00+05:30,684.7,685.79,684.7,685.68,391.793
2025-07-15 19:19:00+05:30,685.69,685.89,685.19,685.48,190.868
2025-07-15 19:20:00+05:30,685.48,686.15,685.45,686.1,126.113
2025-07-15 19:21:00+05:30,686.1,686.1,685.7,685.81,333.221
2025-07-15 19:22:00+05:30,685.8,685.83,684.8,684.81,141.313
2025-07-15 19:23:00+05:30,684.81,685.18,684.7,685.18,104.741
2025-07-15 19:24:00+05:30,685.18,685.61,685.17,685.61,86.211
2025-07-15 19:25:00+05:30,685.61,686.53,685.6,686.53,56.444
2025-07-15 19:26:00+05:30,686.52,686.64,686.41,686.41,83.947
2025-07-15 19:27:00+05:30,686.41,686.6,686.22,686.22,67.489
2025-07-15 19:28:00+05:30,686.22,686.22,685.82,685.97,91.097
2025-07-15 19:29:00+05:30,685.96,686.0,685.5,685.51,90.668
2025-07-15 19:30:00+05:30,685.52,685.89,685.52,685.67,143.163
2025-07-15 19:31:00+05:30,685.67,686.25,685.59,686.19,242.799
2025-07-15 19:32:00+05:30,686.19,686.39,686.13,686.34,63.123
2025-07-15 19:33:00+05:30,686.34,686.34,685.65,685.99,328.981
2025-07-15 19:34:00+05:30,685.98,685.98,685.25,685.28,338.294
2025-07-15 19:35:00+05:30,685.29,685.9,685.17,685.61,226.966
2025-07-15 19:36:00+05:30,685.61,686.4,685.61,686.4,264.801
2025-07-15 19:37:00+05:30,686.4,686.8,686.4,686.8,83.453
2025-07-15 19:38:00+05:30,686.8,687.32,686.76,687.32,320.278
2025-07-15 19:39:00+05:30,687.33,687.75,687.33,687.51,279.312
2025-07-15 19:40:00+05:30,687.51,687.51,686.84,686.94,148.958
2025-07-15 19:41:00+05:30,686.94,687.5,686.94,687.49,51.655
2025-07-15 19:42:00+05:30,687.5,687.5,687.24,687.41,54.269
2025-07-15 19:43:00+05:30,687.41,687.43,686.82,687.08,156.989
2025-07-15 19:44:00+05:30,687.09,687.44,687.09,687.3,216.388
2025-07-15 19:45:00+05:30,687.31,687.31,686.85,687.1,144.376
2025-07-15 19:46:00+05:30,687.1,687.1,686.74,686.92,172.453
2025-07-15 19:47:00+05:30,686.92,686.92,685.65,685.81,349.25
2025-07-15 19:48:00+05:30,685.82,685.89,685.39,685.39,217.126
2025-07-15 19:49:00+05:30,685.39,685.71,685.2,685.7,168.779
2025-07-15 19:50:00+05:30,685.7,685.71,685.4,685.68,93.127
2025-07-15 19:51:00+05:30,685.68,685.88,685.18,685.18,276.042
2025-07-15 19:52:00+05:30,685.19,685.19,684.72,684.74,133.752
2025-07-15 19:53:00+05:30,684.74,684.79,684.6,684.77,95.067
2025-07-15 19:54:00+05:30,684.77,685.26,684.77,684.81,128.145
2025-07-15 19:55:00+05:30,684.8,684.81,684.36,684.37,342.216
2025-07-15 19:56:00+05:30,684.37,684.6,684.3,684.4,116.859
2025-07-15 19:57:00+05:30,684.4,684.83,684.38,684.65,113.152
2025-07-15 19:58:00+05:30,684.65,684.93,684.56,684.71,129.623
2025-07-15 19:59:00+05:30,684.72,684.72,684.31,684.31,80.958
2025-07-15 20:00:00+05:30,684.32,684.42,684.2,684.42,230.737
2025-07-15 20:01:00+05:30,684.42,684.55,683.2,683.21,268.3
2025-07-15 20:02:00+05:30,683.21,684.0,682.84,683.99,290.712
2025-07-15 20:03:00+05:30,683.99,683.99,683.29,683.45,80.704
2025-07-15 20:04:00+05:30,683.42,683.79,683.32,683.41,91.067
2025-07-15 20:05:00+05:30,683.41,683.58,682.78,682.88,129.93
2025-07-15 20:06:00+05:30,682.87,683.42,682.81,682.82,179.305
2025-07-15 20:07:00+05:30,682.82,682.82,682.14,682.14,234.641
2025-07-15 20:08:00+05:30,682.15,682.15,681.51,681.8,685.978
2025-07-15 20:09:00+05:30,681.8,682.0,681.64,681.65,460.522
2025-07-15 20:10:00+05:30,681.66,682.23,681.5,681.6,267.66
2025-07-15 20:11:00+05:30,681.61,681.78,681.05,681.18,305.364
2025-07-15 20:12:00+05:30,681.18,681.2,680.05,680.11,341.576
2025-07-15 20:13:00+05:30,680.11,680.21,679.63,679.74,270.947
2025-07-15 20:14:00+05:30,679.73,680.87,679.43,680.72,157.722
2025-07-15 20:15:00+05:30,680.72,680.72,679.87,680.2,173.749
2025-07-15 20:16:00+05:30,680.21,681.0,680.12,681.0,120.747
2025-07-15 20:17:00+05:30,681.0,681.06,680.48,680.51,172.012
2025-07-15 20:18:00+05:30,680.51,681.33,680.51,681.05,126.243
2025-07-15 20:19:00+05:30,681.05,681.29,680.96,681.16,87.809
2025-07-15 20:20:00+05:30,681.16,681.28,680.2,680.2,170.642
2025-07-15 20:21:00+05:30,680.19,680.38,679.26,679.27,568.121
2025-07-15 20:22:00+05:30,679.27,679.29,678.22,678.63,658.561
2025-07-15 20:23:00+05:30,678.64,679.08,678.4,678.94,328.67
2025-07-15 20:24:00+05:30,678.94,679.09,678.2,678.49,326.563
2025-07-15 20:25:00+05:30,678.48,678.49,677.89,678.01,212.3
2025-07-15 20:26:00+05:30,678.01,678.1,676.81,677.0,565.102
2025-07-15 20:27:00+05:30,677.0,679.0,677.0,678.56,539.376
2025-07-15 20:28:00+05:30,678.57,678.87,678.14,678.86,411.335
2025-07-15 20:29:00+05:30,678.87,678.87,678.21,678.49,154.869
2025-07-15 20:30:00+05:30,678.49,678.86,677.45,678.16,385.068
2025-07-15 20:31:00+05:30,678.16,678.55,677.82,677.82,235.743
2025-07-15 20:32:00+05:30,677.83,678.76,677.83,678.28,160.468
2025-07-15 20:33:00+05:30,678.27,679.07,678.21,678.96,211.494
2025-07-15 20:34:00+05:30,678.96,679.17,678.7,678.86,146.794
2025-07-15 20:35:00+05:30,678.86,679.3,678.63,679.29,192.498
2025-07-15 20:36:00+05:30,679.3,680.05,679.1,680.05,107.041
2025-07-15 20:37:00+05:30,680.05,680.81,680.01,680.6,376.031
2025-07-15 20:38:00+05:30,680.61,681.03,680.6,681.03,109.075
2025-07-15 20:39:00+05:30,681.03,681.21,680.5,680.51,85.124
2025-07-15 20:40:00+05:30,680.51,680.93,680.29,680.88,105.486
2025-07-15 20:41:00+05:30,680.88,681.0,680.44,680.74,195.17
2025-07-15 20:42:00+05:30,680.73,680.8,680.3,680.3,92.504
2025-07-15 20:43:00+05:30,680.29,680.3,679.95,680.2,91.63
2025-07-15 20:44:00+05:30,680.19,680.2,680.01,680.01,99.044
2025-07-15 20:45:00+05:30,680.01,680.92,679.81,680.92,152.912
2025-07-15 20:46:00+05:30,680.92,681.06,680.6,680.97,113.059
2025-07-15 20:47:00+05:30,680.97,681.31,680.9,681.03,535.234
2025-07-15 20:48:00+05:30,681.03,681.28,681.03,681.12,65.745
2025-07-15 20:49:00+05:30,681.11,681.24,680.91,681.0,181.377
2025-07-15 20:50:00+05:30,681.0,681.01,680.1,680.1,182.858
2025-07-15 20:51:00+05:30,680.11,680.5,680.1,680.24,113.3
2025-07-15 20:52:00+05:30,680.23,680.5,680.2,680.22,82.653
2025-07-15 20:53:00+05:30,680.21,680.48,679.38,679.38,173.696
2025-07-15 20:54:00+05:30,679.37,679.5,678.93,679.25,265.186
2025-07-15 20:55:00+05:30,679.25,679.8,679.2,679.32,103.169
2025-07-15 20:56:00+05:30,679.32,679.57,679.27,679.53,68.62
2025-07-15 20:57:00+05:30,679.54,679.56,679.44,679.45,59.756
2025-07-15 20:58:00+05:30,679.45,679.45,679.05,679.05,124.771
2025-07-15 20:59:00+05:30,679.06,680.2,679.05,679.98,181.468
2025-07-15 21:00:00+05:30,679.99,681.06,679.99,680.88,295.589
2025-07-15 21:01:00+05:30,680.88,681.47,680.7,680.7,143.813
2025-07-15 21:02:00+05:30,680.71,680.88,680.48,680.48,131.605
2025-07-15 21:03:00+05:30,680.46,680.47,679.51,679.78,209.989
2025-07-15 21:04:00+05:30,679.78,680.74,679.78,680.64,81.216
2025-07-15 21:05:00+05:30,680.64,680.92,680.63,680.81,34.266
2025-07-15 21:06:00+05:30,680.8,681.1,680.8,681.01,113.125
2025-07-15 21:07:00+05:30,681.01,681.15,680.7,681.15,56.945
2025-07-15 21:08:00+05:30,681.14,681.6,681.14,681.56,69.086
2025-07-15 21:09:00+05:30,681.56,681.7,681.38,681.7,123.48
2025-07-15 21:10:00+05:30,681.71,681.8,681.44,681.45,116.723
2025-07-15 21:11:00+05:30,681.45,681.62,681.37,681.61,81.429
2025-07-15 21:12:00+05:30,681.62,681.9,681.61,681.9,59.309
2025-07-15 21:13:00+05:30,681.9,682.7,681.89,682.6,237.506
2025-07-15 21:14:00+05:30,682.61,682.78,682.01,682.03,175.203
2025-07-15 21:15:00+05:30,682.03,683.0,682.03,682.8,116.894
2025-07-15 21:16:00+05:30,682.79,682.8,682.6,682.76,60.596
2025-07-15 21:17:00+05:30,682.77,683.1,682.7,683.09,183.03
2025-07-15 21:18:00+05:30,683.1,683.48,683.1,683.46,243.756
2025-07-15 21:19:00+05:30,683.46,683.6,683.15,683.28,217.116
2025-07-15 21:20:00+05:30,683.29,683.6,683.08,683.25,223.071
2025-07-15 21:21:00+05:30,683.26,683.65,683.25,683.65,125.13
2025-07-15 21:22:00+05:30,683.65,683.9,683.64,683.83,127.443
2025-07-15 21:23:00+05:30,683.83,683.9,683.7,683.89,76.915
2025-07-15 21:24:00+05:30,683.89,684.0,683.6,684.0,122.545
2025-07-15 21:25:00+05:30,683.99,684.2,683.99,684.07,149.222
2025-07-15 21:26:00+05:30,684.06,684.06,683.7,683.76,195.658
2025-07-15 21:27:00+05:30,683.75,683.76,683.2,683.21,77.09
2025-07-15 21:28:00+05:30,683.21,683.27,683.2,683.26,21.511
2025-07-15 21:29:00+05:30,683.26,683.26,683.08,683.1,86.882
2025-07-15 21:30:00+05:30,683.1,683.5,683.09,683.31,208.655
2025-07-15 21:31:00+05:30,683.3,683.31,682.92,682.93,90.777
2025-07-15 21:32:00+05:30,682.93,683.38,682.74,683.36,81.178
2025-07-15 21:33:00+05:30,683.35,683.75,683.35,683.6,290.678
2025-07-15 21:34:00+05:30,683.6,683.97,683.6,683.97,1136.47
2025-07-15 21:35:00+05:30,683.96,684.26,683.89,684.18,111.916
2025-07-15 21:36:00+05:30,684.18,684.41,684.13,684.28,206.414
2025-07-15 21:37:00+05:30,684.28,684.28,683.98,683.98,149.477
2025-07-15 21:38:00+05:30,683.99,683.99,683.84,683.85,76.349
2025-07-15 21:39:00+05:30,683.85,684.17,683.58,684.17,132.263
2025-07-15 21:40:00+05:30,684.18,684.18,683.6,683.87,172.284
2025-07-15 21:41:00+05:30,683.86,684.4,683.86,684.4,112.936
2025-07-15 21:42:00+05:30,684.4,684.84,684.39,684.6,88.472
2025-07-15 21:43:00+05:30,684.6,684.69,684.42,684.42,111.963
2025-07-15 21:44:00+05:30,684.43,684.52,683.61,683.61,196.77
2025-07-15 21:45:00+05:30,683.6,683.8,683.21,683.79,130.679
2025-07-15 21:46:00+05:30,683.8,684.05,683.2,683.21,156.913
2025-07-15 21:47:00+05:30,683.2,683.55,683.1,683.3,37.089
2025-07-15 21:48:00+05:30,683.3,683.48,682.89,682.89,92.504
2025-07-15 21:49:00+05:30,682.89,683.1,682.81,683.1,59.968
2025-07-15 21:50:00+05:30,683.1,683.9,683.09,683.9,67.352
2025-07-15 21:51:00+05:30,683.89,684.1,683.5,683.79,105.967
2025-07-15 21:52:00+05:30,683.79,684.29,683.71,684.26,122.048
2025-07-15 21:53:00+05:30,684.27,684.32,683.97,684.2,62.57
2025-07-15 21:54:00+05:30,684.2,684.22,683.72,683.85,26.864
2025-07-15 21:55:00+05:30,683.86,684.0,683.51,683.7,79.316
2025-07-15 21:56:00+05:30,683.7,683.8,683.3,683.3,82.394
2025-07-15 21:57:00+05:30,683.3,683.8,683.3,683.71,50.713
2025-07-15 21:58:00+05:30,683.71,683.92,683.31,683.32,27.401
2025-07-15 21:59:00+05:30,683.32,683.32,683.04,683.2,56.683
2025-07-15 22:00:00+05:30,683.2,684.04,683.19,684.04,27.364
2025-07-15 22:01:00+05:30,684.04,684.3,684.04,684.29,36.214
2025-07-15 22:02:00+05:30,684.3,684.7,684.3,684.4,64.926
2025-07-15 22:03:00+05:30,684.4,684.7,684.39,684.7,56.138
2025-07-15 22:04:00+05:30,684.7,684.7,683.95,683.95,117.569
2025-07-15 22:05:00+05:30,683.96,684.33,683.8,684.33,57.781
2025-07-15 22:06:00+05:30,684.33,684.48,684.26,684.26,68.963
2025-07-15 22:07:00+05:30,684.26,684.5,684.2,684.22,38.729
2025-07-15 22:08:00+05:30,684.22,684.5,684.15,684.49,45.349
2025-07-15 22:09:00+05:30,684.5,684.7,684.49,684.6,47.626
2025-07-15 22:10:00+05:30,684.59,685.18,684.59,685.05,308.468
2025-07-15 22:11:00+05:30,685.05,685.56,685.04,685.55,123.633
2025-07-15 22:12:00+05:30,685.56,685.7,685.55,685.56,95.02
2025-07-15 22:13:00+05:30,685.56,685.67,685.5,685.6,25.776
2025-07-15 22:14:00+05:30,685.59,685.8,685.59,685.8,32.91
2025-07-15 22:15:00+05:30,685.81,685.97,685.77,685.9,72.326
2025-07-15 22:16:00+05:30,685.9,685.9,685.6,685.61,24.749
2025-07-15 22:17:00+05:30,685.61,685.94,685.59,685.76,70.486
2025-07-15 22:18:00+05:30,685.76,685.95,685.52,685.52,44.407
2025-07-15 22:19:00+05:30,685.51,685.52,685.21,685.21,55.524
2025-07-15 22:20:00+05:30,685.2,685.3,684.91,685.29,136.476
2025-07-15 22:21:00+05:30,685.29,685.85,685.29,685.85,172.819
2025-07-15 22:22:00+05:30,685.85,685.85,685.5,685.54,44.192
2025-07-15 22:23:00+05:30,685.54,685.78,685.49,685.67,48.533
2025-07-15 22:24:00+05:30,685.68,685.68,685.26,685.26,32.123
2025-07-15 22:25:00+05:30,685.27,685.5,685.26,685.33,37.636
2025-07-15 22:26:00+05:30,685.32,685.32,684.84,684.97,110.28
2025-07-15 22:27:00+05:30,684.96,684.96,684.83,684.84,124.3
2025-07-15 22:28:00+05:30,684.83,684.84,684.44,684.6,185.122
2025-07-15 22:29:00+05:30,684.59,684.7,684.31,684.7,82.62
2025-07-15 22:30:00+05:30,684.7,685.16,684.69,685.08,63.173
2025-07-15 22:31:00+05:30,685.08,685.08,684.97,685.03,31.003
2025-07-15 22:32:00+05:30,685.03,685.27,685.02,685.27,27.669
2025-07-15 22:33:00+05:30,685.26,685.26,684.65,684.9,62.548
2025-07-15 22:34:00+05:30,684.9,685.15,684.74,684.74,53.011
2025-07-15 22:35:00+05:30,684.74,684.9,684.56,684.83,175.535
2025-07-15 22:36:00+05:30,684.84,684.84,684.09,684.25,95.717
2025-07-15 22:37:00+05:30,684.26,684.26,683.66,683.66,107.073
2025-07-15 22:38:00+05:30,683.66,684.0,683.44,683.77,77.448
2025-07-15 22:39:00+05:30,683.77,684.0,683.7,684.0,46.604
2025-07-15 22:40:00+05:30,684.0,684.3,683.99,684.12,118.535
2025-07-15 22:41:00+05:30,684.13,684.6,684.12,684.48,45.61
2025-07-15 22:42:00+05:30,684.49,685.0,684.49,685.0,52.975
2025-07-15 22:43:00+05:30,685.0,685.2,685.0,685.17,63.59
2025-07-15 22:44:00+05:30,685.17,685.17,685.0,685.15,79.17
2025-07-15 22:45:00+05:30,685.15,685.2,684.72,684.72,107.17
2025-07-15 22:46:00+05:30,684.73,684.89,684.6,684.89,61.311
2025-07-15 22:47:00+05:30,684.89,685.04,684.88,684.98,31.486
2025-07-15 22:48:00+05:30,684.98,685.47,684.97,685.47,37.983
2025-07-15 22:49:00+05:30,685.47,685.85,685.47,685.52,47.189
2025-07-15 22:50:00+05:30,685.52,685.77,685.5,685.51,68.434
2025-07-15 22:51:00+05:30,685.5,685.56,685.34,685.56,63.403
2025-07-15 22:52:00+05:30,685.56,685.85,685.56,685.71,64.403
2025-07-15 22:53:00+05:30,685.71,685.84,685.7,685.84,34.32
2025-07-15 22:54:00+05:30,685.84,685.99,685.72,685.9,76.431
2025-07-15 22:55:00+05:30,685.9,685.9,685.73,685.9,32.335
2025-07-15 22:56:00+05:30,685.9,685.9,685.74,685.88,31.558
2025-07-15 22:57:00+05:30,685.88,685.88,685.77,685.78,16.763
2025-07-15 22:58:00+05:30,685.77,686.3,685.77,686.29,109.176
2025-07-15 22:59:00+05:30,686.3,686.76,686.3,686.57,171.776
2025-07-15 23:00:00+05:30,686.58,686.6,686.2,686.21,71.058
2025-07-15 23:01:00+05:30,686.2,686.27,686.1,686.1,47.256
2025-07-15 23:02:00+05:30,686.11,686.23,686.09,686.13,65.318
2025-07-15 23:03:00+05:30,686.14,686.14,685.95,685.96,41.663
2025-07-15 23:04:00+05:30,685.95,685.98,685.82,685.9,229.816
2025-07-15 23:05:00+05:30,685.89,686.13,685.89,686.06,142.38
2025-07-15 23:06:00+05:30,686.05,686.65,686.05,686.6,93.181
2025-07-15 23:07:00+05:30,686.61,686.7,686.56,686.7,68.421
2025-07-15 23:08:00+05:30,686.7,687.06,686.69,687.05,283.563
2025-07-15 23:09:00+05:30,687.06,687.06,686.9,686.91,57.774
2025-07-15 23:10:00+05:30,686.9,687.02,686.9,687.01,66.089
2025-07-15 23:11:00+05:30,687.02,687.02,686.8,686.95,129.668
2025-07-15 23:12:00+05:30,686.96,687.0,686.89,687.0,51.557
2025-07-15 23:13:00+05:30,687.0,687.0,686.74,686.91,58.384
2025-07-15 23:14:00+05:30,686.91,687.27,686.9,687.08,140.918
2025-07-15 23:15:00+05:30,687.07,687.18,686.9,686.98,69.341
2025-07-15 23:16:00+05:30,686.97,687.1,686.91,687.1,58.717
2025-07-15 23:17:00+05:30,687.1,687.2,687.07,687.19,66.468
2025-07-15 23:18:00+05:30,687.18,687.37,687.18,687.33,89.99
2025-07-15 23:19:00+05:30,687.33,687.33,687.0,687.2,211.808
2025-07-15 23:20:00+05:30,687.2,687.34,687.14,687.34,57.062
2025-07-15 23:21:00+05:30,687.33,687.44,687.33,687.43,41.762
2025-07-15 23:22:00+05:30,687.43,687.51,687.38,687.48,69.927
2025-07-15 23:23:00+05:30,687.47,687.66,687.47,687.65,62.213
2025-07-15 23:24:00+05:30,687.66,687.78,687.66,687.75,43.885
2025-07-15 23:25:00+05:30,687.76,687.84,687.61,687.61,126.194
2025-07-15 23:26:00+05:30,687.61,687.82,687.61,687.82,119.605
2025-07-15 23:27:00+05:30,687.81,687.91,687.71,687.85,85.652
2025-07-15 23:28:00+05:30,687.84,687.99,687.84,687.98,52.656
2025-07-15 23:29:00+05:30,687.99,688.25,687.99,688.06,534.163
2025-07-15 23:30:00+05:30,688.07,688.29,688.0,688.01,387.66
2025-07-15 23:31:00+05:30,688.01,688.01,687.15,687.62,764.525
2025-07-15 23:32:00+05:30,687.62,687.93,687.61,687.73,68.318
2025-07-15 23:33:00+05:30,687.74,687.9,687.73,687.87,34.102
2025-07-15 23:34:00+05:30,687.86,687.86,687.62,687.7,35.311
2025-07-15 23:35:00+05:30,687.7,687.74,687.34,687.66,105.739
2025-07-15 23:36:00+05:30,687.66,687.8,687.65,687.78,64.765
2025-07-15 23:37:00+05:30,687.79,687.79,687.21,687.39,145.009
2025-07-15 23:38:00+05:30,687.4,687.62,687.39,687.42,49.995
2025-07-15 23:39:00+05:30,687.43,687.43,687.2,687.32,113.778
2025-07-15 23:40:00+05:30,687.33,687.58,687.31,687.48,37.727
2025-07-15 23:41:00+05:30,687.47,687.59,687.3,687.58,30.485
2025-07-15 23:42:00+05:30,687.59,687.7,687.5,687.51,36.519
2025-07-15 23:43:00+05:30,687.51,687.53,687.28,687.53,45.402
2025-07-15 23:44:00+05:30,687.52,687.57,687.42,687.55,41.202
2025-07-15 23:45:00+05:30,687.55,687.75,687.54,687.74,49.176
2025-07-15 23:46:00+05:30,687.74,687.74,687.44,687.58,78.963
2025-07-15 23:47:00+05:30,687.58,687.6,687.57,687.6,48.344
2025-07-15 23:48:00+05:30,687.6,687.87,687.59,687.78,72.671
2025-07-15 23:49:00+05:30,687.78,687.78,687.58,687.59,34.67
2025-07-15 23:50:00+05:30,687.59,687.84,687.58,687.77,170.792
2025-07-15 23:51:00+05:30,687.76,688.48,687.63,688.48,294.268
2025-07-15 23:52:00+05:30,688.48,688.55,688.25,688.47,133.986
2025-07-15 23:53:00+05:30,688.47,688.5,688.26,688.46,101.964
2025-07-15 23:54:00+05:30,688.46,688.46,688.04,688.11,192.943
2025-07-15 23:55:00+05:30,688.12,688.24,688.0,688.14,96.763
2025-07-15 23:56:00+05:30,688.14,688.14,687.37,687.37,390.708
2025-07-15 23:57:00+05:30,687.38,687.38,686.7,686.84,98.886
2025-07-15 23:58:00+05:30,686.83,687.26,686.83,687.26,62.047
2025-07-15 23:59:00+05:30,687.25,687.26,687.02,687.03,40.266
2025-07-16 00:00:00+05:30,687.03,687.14,686.8,686.8,47.646
2025-07-16 00:01:00+05:30,686.81,686.81,686.0,686.0,102.857
2025-07-16 00:02:00+05:30,686.0,686.15,685.75,686.15,78.909
2025-07-16 00:03:00+05:30,686.15,686.15,684.58,684.91,543.698
2025-07-16 00:04:00+05:30,684.91,685.37,684.8,685.21,65.956
2025-07-16 00:05:00+05:30,685.21,685.34,684.6,684.81,120.45
2025-07-16 00:06:00+05:30,684.81,684.89,684.0,684.0,216.504
2025-07-16 00:07:00+05:30,684.0,684.0,683.42,683.76,218.431
2025-07-16 00:08:00+05:30,683.76,684.29,683.24,684.29,145.977
2025-07-16 00:09:00+05:30,684.3,684.77,684.11,684.39,112.299
2025-07-16 00:10:00+05:30,684.39,684.88,684.39,684.72,108.04
2025-07-16 00:11:00+05:30,684.71,684.72,683.57,683.68,97.118
2025-07-16 00:12:00+05:30,683.68,684.55,683.66,684.45,104.065
2025-07-16 00:13:00+05:30,684.46,685.34,684.43,685.34,74.418
2025-07-16 00:14:00+05:30,685.33,685.34,684.6,684.6,79.228
2025-07-16 00:15:00+05:30,684.6,685.59,684.43,685.34,148.551
2025-07-16 00:16:00+05:30,685.33,685.47,685.21,685.36,85.576
2025-07-16 00:17:00+05:30,685.36,685.87,685.35,685.84,44.896
2025-07-16 00:18:00+05:30,685.83,686.0,685.71,685.99,50.157
2025-07-16 00:19:00+05:30,685.99,686.0,685.5,685.69,22.123
2025-07-16 00:20:00+05:30,685.7,686.03,685.7,685.96,53.497
2025-07-16 00:21:00+05:30,685.96,686.37,685.77,685.77,91.796
2025-07-16 00:22:00+05:30,685.77,686.15,685.76,686.14,31.176
2025-07-16 00:23:00+05:30,686.14,686.15,686.05,686.15,64.771
2025-07-16 00:24:00+05:30,686.14,686.16,686.01,686.12,44.983
2025-07-16 00:25:00+05:30,686.12,686.16,685.9,686.07,93.231
2025-07-16 00:26:00+05:30,686.07,686.1,685.84,686.1,56.376
2025-07-16 00:27:00+05:30,686.1,686.1,685.8,686.07,51.196
2025-07-16 00:28:00+05:30,686.06,686.07,685.75,685.76,47.165
2025-07-16 00:29:00+05:30,685.76,685.8,685.46,685.46,42.254
2025-07-16 00:30:00+05:30,685.45,685.75,685.07,685.68,105.474
2025-07-16 00:31:00+05:30,685.69,685.75,685.61,685.75,40.189
2025-07-16 00:32:00+05:30,685.74,686.8,685.74,686.6,125.289
2025-07-16 00:33:00+05:30,686.6,686.6,686.13,686.32,29.028
2025-07-16 00:34:00+05:30,686.33,686.39,686.26,686.29,70.945
2025-07-16 00:35:00+05:30,686.29,686.29,686.01,686.13,29.877
2025-07-16 00:36:00+05:30,686.13,686.57,686.13,686.57,55.214
2025-07-16 00:37:00+05:30,686.58,686.89,686.58,686.7,80.178
2025-07-16 00:38:00+05:30,686.71,686.8,686.68,686.8,28.89
2025-07-16 00:39:00+05:30,686.8,686.8,686.64,686.64,25.693
2025-07-16 00:40:00+05:30,686.65,686.98,686.42,686.95,207.829
2025-07-16 00:41:00+05:30,686.95,687.14,686.89,686.89,51.495
2025-07-16 00:42:00+05:30,686.88,686.9,686.8,686.9,18.849
2025-07-16 00:43:00+05:30,686.9,687.05,686.89,686.91,30.447
2025-07-16 00:44:00+05:30,686.9,687.0,686.8,686.99,118.809
2025-07-16 00:45:00+05:30,687.0,687.0,686.9,686.9,716.651
2025-07-16 00:46:00+05:30,686.91,686.91,686.71,686.88,110.39
2025-07-16 00:47:00+05:30,686.89,686.89,686.87,686.88,28.183
2025-07-16 00:48:00+05:30,686.88,687.28,686.87,687.27,41.71
2025-07-16 00:49:00+05:30,687.27,687.89,687.24,687.85,45.278
2025-07-16 00:50:00+05:30,687.85,687.95,687.8,687.81,85.634
2025-07-16 00:51:00+05:30,687.8,687.8,687.45,687.55,118.989
2025-07-16 00:52:00+05:30,687.55,687.95,687.54,687.95,63.538
2025-07-16 00:53:00+05:30,687.95,687.95,687.63,687.64,65.712
2025-07-16 00:54:00+05:30,687.64,687.73,687.6,687.7,63.349
2025-07-16 00:55:00+05:30,687.7,687.8,687.69,687.79,24.863
2025-07-16 00:56:00+05:30,687.8,687.8,687.2,687.21,38.305
2025-07-16 00:57:00+05:30,687.21,687.5,687.11,687.23,86.853
2025-07-16 00:58:00+05:30,687.23,687.35,687.23,687.31,44.093
2025-07-16 00:59:00+05:30,687.31,687.44,687.3,687.3,26.823
2025-07-16 01:00:00+05:30,687.31,687.41,687.3,687.3,64.021
2025-07-16 01:01:00+05:30,687.31,687.33,687.23,687.26,15.483
2025-07-16 01:02:00+05:30,687.26,687.26,686.52,686.52,42.842
2025-07-16 01:03:00+05:30,686.52,686.6,686.34,686.6,31.346
2025-07-16 01:04:00+05:30,686.6,686.6,686.31,686.31,122.3
2025-07-16 01:05:00+05:30,686.32,686.58,686.3,686.35,31.023
2025-07-16 01:06:00+05:30,686.36,686.55,686.33,686.44,17.561
2025-07-16 01:07:00+05:30,686.44,686.44,686.06,686.06,140.191
2025-07-16 01:08:00+05:30,686.05,686.06,685.28,685.85,60.538
2025-07-16 01:09:00+05:30,685.85,686.1,685.8,685.99,68.68
2025-07-16 01:10:00+05:30,685.98,686.39,685.95,686.33,82.938
2025-07-16 01:11:00+05:30,686.33,686.33,685.96,685.97,37.559
2025-07-16 01:12:00+05:30,685.96,685.96,685.49,685.63,56.706
2025-07-16 01:13:00+05:30,685.62,685.63,685.0,685.0,64.996
2025-07-16 01:14:00+05:30,685.0,685.14,684.7,684.73,96.884
2025-07-16 01:15:00+05:30,684.72,684.82,684.1,684.23,78.105
2025-07-16 01:16:00+05:30,684.23,684.24,684.06,684.1,80.742
2025-07-16 01:17:00+05:30,684.1,684.1,683.62,683.62,100.381
2025-07-16 01:18:00+05:30,683.62,683.91,683.34,683.42,62.926
2025-07-16 01:19:00+05:30,683.42,684.15,683.42,684.14,109.69
2025-07-16 01:20:00+05:30,684.15,684.3,684.0,684.27,72.474
2025-07-16 01:21:00+05:30,684.27,684.39,683.94,683.94,105.033
2025-07-16 01:22:00+05:30,683.95,684.79,683.9,684.62,81.198
2025-07-16 01:23:00+05:30,684.62,684.7,684.4,684.53,58.844
2025-07-16 01:24:00+05:30,684.53,684.53,684.06,684.42,68.672
2025-07-16 01:25:00+05:30,684.43,685.0,684.43,685.0,48.677
2025-07-16 01:26:00+05:30,685.0,685.09,684.95,685.05,48.199
2025-07-16 01:27:00+05:30,685.06,685.06,684.76,684.89,19.311
2025-07-16 01:28:00+05:30,684.88,684.88,684.6,684.79,30.272
2025-07-16 01:29:00+05:30,684.78,684.8,684.48,684.59,23.53
2025-07-16 01:30:00+05:30,684.6,684.94,684.59,684.88,68.833
2025-07-16 01:31:00+05:30,684.88,684.88,684.63,684.72,37.41
2025-07-16 01:32:00+05:30,684.72,685.09,684.72,684.74,75.801
2025-07-16 01:33:00+05:30,684.74,684.74,684.31,684.31,42.53
2025-07-16 01:34:00+05:30,684.3,684.52,683.8,683.9,207.613
2025-07-16 01:35:00+05:30,683.9,684.3,683.5,683.51,81.939
2025-07-16 01:36:00+05:30,683.5,684.23,683.5,684.01,47.271
2025-07-16 01:37:00+05:30,684.02,684.55,683.92,684.34,200.74
2025-07-16 01:38:00+05:30,684.34,684.34,683.8,684.04,37.312
2025-07-16 01:39:00+05:30,684.04,684.5,684.04,684.27,37.974
2025-07-16 01:40:00+05:30,684.27,684.9,684.27,684.9,57.635
2025-07-16 01:41:00+05:30,684.9,685.48,684.9,685.38,157.241
2025-07-16 01:42:00+05:30,685.38,685.9,685.38,685.89,65.784
2025-07-16 01:43:00+05:30,685.9,686.1,685.9,686.01,51.115
2025-07-16 01:44:00+05:30,686.01,686.13,685.84,685.97,43.992
2025-07-16 01:45:00+05:30,685.97,686.19,685.8,685.95,62.407
2025-07-16 01:46:00+05:30,685.95,686.32,685.94,686.11,42.28
2025-07-16 01:47:00+05:30,686.11,686.12,684.59,684.67,446.16
2025-07-16 01:48:00+05:30,684.66,685.0,684.64,684.99,29.924
2025-07-16 01:49:00+05:30,685.0,685.34,684.94,685.17,26.702
2025-07-16 01:50:00+05:30,685.16,685.4,685.02,685.18,32.325
2025-07-16 01:51:00+05:30,685.18,685.48,685.18,685.48,10.719
2025-07-16 01:52:00+05:30,685.48,685.48,684.65,684.9,81.445
2025-07-16 01:53:00+05:30,684.9,685.2,684.89,685.2,74.441
2025-07-16 01:54:00+05:30,685.2,685.47,685.2,685.46,19.3
2025-07-16 01:55:00+05:30,685.47,685.66,685.46,685.53,61.9
2025-07-16 01:56:00+05:30,685.54,685.54,685.44,685.54,43.344
2025-07-16 01:57:00+05:30,685.53,685.8,685.53,685.8,15.478
2025-07-16 01:58:00+05:30,685.8,685.88,685.62,685.7,29.091
2025-07-16 01:59:00+05:30,685.7,685.73,685.69,685.73,9.444
2025-07-16 02:00:00+05:30,685.72,685.72,684.35,684.35,88.595
2025-07-16 02:01:00+05:30,684.36,685.3,684.36,685.3,35.995
2025-07-16 02:02:00+05:30,685.3,685.3,685.1,685.2,74.155
2025-07-16 02:03:00+05:30,685.19,685.5,685.13,685.5,23.334
2025-07-16 02:04:00+05:30,685.5,685.9,685.5,685.61,26.718
2025-07-16 02:05:00+05:30,685.62,685.62,685.3,685.3,19.053
2025-07-16 02:06:00+05:30,685.31,685.55,685.31,685.55,35.242
2025-07-16 02:07:00+05:30,685.55,685.55,684.96,684.96,48.021
2025-07-16 02:08:00+05:30,684.96,685.2,684.96,685.13,30.087
2025-07-16 02:09:00+05:30,685.12,685.12,684.72,684.72,48.749
2025-07-16 02:10:00+05:30,684.7,685.27,684.6,685.18,70.039
2025-07-16 02:11:00+05:30,685.18,685.3,685.13,685.13,10.812
2025-07-16 02:12:00+05:30,685.14,685.3,685.13,685.27,12.051
2025-07-16 02:13:00+05:30,685.28,685.35,685.21,685.21,9.43
2025-07-16 02:14:00+05:30,685.22,685.86,685.21,685.69,238.888
2025-07-16 02:15:00+05:30,685.69,685.8,685.68,685.79,26.959
2025-07-16 02:16:00+05:30,685.8,685.89,685.75,685.89,42.119
2025-07-16 02:17:00+05:30,685.89,685.92,685.8,685.84,32.224
2025-07-16 02:18:00+05:30,685.84,685.84,685.47,685.53,49.567
2025-07-16 02:19:00+05:30,685.53,685.7,685.53,685.67,15.068
2025-07-16 02:20:00+05:30,685.67,685.67,685.31,685.41,25.763
2025-07-16 02:21:00+05:30,685.41,685.57,685.34,685.34,39.972
2025-07-16 02:22:00+05:30,685.34,685.5,685.26,685.49,11.432
2025-07-16 02:23:00+05:30,685.5,685.6,685.5,685.6,18.124
2025-07-16 02:24:00+05:30,685.6,685.6,685.38,685.38,15.456
2025-07-16 02:25:00+05:30,685.38,685.5,685.36,685.36,11.872
2025-07-16 02:26:00+05:30,685.37,685.38,685.26,685.27,13.33
2025-07-16 02:27:00+05:30,685.27,685.4,685.27,685.4,20.831
2025-07-16 02:28:00+05:30,685.4,685.5,685.4,685.44,16.163
2025-07-16 02:29:00+05:30,685.44,685.44,684.82,684.82,21.791
2025-07-16 02:30:00+05:30,684.83,685.0,684.68,684.88,52.03
2025-07-16 02:31:00+05:30,684.89,685.11,684.78,685.11,79.674
2025-07-16 02:32:00+05:30,685.12,685.68,685.12,685.68,20.203
2025-07-16 02:33:00+05:30,685.68,685.8,685.54,685.79,22.955
2025-07-16 02:34:00+05:30,685.8,685.81,685.74,685.81,9.522
2025-07-16 02:35:00+05:30,685.81,685.82,685.73,685.82,13.642
2025-07-16 02:36:00+05:30,685.82,685.94,685.81,685.94,27.606
2025-07-16 02:37:00+05:30,685.94,686.0,685.93,686.0,12.768
2025-07-16 02:38:00+05:30,686.0,686.0,685.99,686.0,14.173
2025-07-16 02:39:00+05:30,686.0,686.0,685.89,685.99,42.304
2025-07-16 02:40:00+05:30,686.0,686.1,685.99,686.04,44.873
2025-07-16 02:41:00+05:30,686.04,686.24,686.04,686.24,60.951
2025-07-16 02:42:00+05:30,686.24,687.04,686.23,687.04,65.323
2025-07-16 02:43:00+05:30,687.04,687.05,686.87,687.05,77.909
2025-07-16 02:44:00+05:30,687.04,687.2,686.99,687.15,65.506
2025-07-16 02:45:00+05:30,687.15,687.15,686.69,686.79,33.432
2025-07-16 02:46:00+05:30,686.8,687.08,686.8,687.08,26.606
2025-07-16 02:47:00+05:30,687.08,687.15,686.92,687.02,21.728
2025-07-16 02:48:00+05:30,687.03,687.2,687.03,687.14,34.203
2025-07-16 02:49:00+05:30,687.14,687.15,686.97,687.15,23.284
2025-07-16 02:50:00+05:30,687.15,687.4,687.14,687.25,35.691
2025-07-16 02:51:00+05:30,687.24,687.25,686.91,686.92,15.223
2025-07-16 02:52:00+05:30,686.92,687.2,686.92,687.1,19.448
2025-07-16 02:53:00+05:30,687.11,687.24,687.1,687.24,16.149
2025-07-16 02:54:00+05:30,687.24,687.4,687.24,687.4,15.83
2025-07-16 02:55:00+05:30,687.4,687.4,687.22,687.29,12.942
2025-07-16 02:56:00+05:30,687.29,687.49,687.29,687.48,34.84
2025-07-16 02:57:00+05:30,687.48,687.48,687.43,687.44,22.163
2025-07-16 02:58:00+05:30,687.45,687.49,687.39,687.4,120.536
2025-07-16 02:59:00+05:30,687.39,687.4,687.39,687.4,10.382
2025-07-16 03:00:00+05:30,687.4,687.4,687.24,687.24,141.98
2025-07-16 03:01:00+05:30,687.25,687.33,687.09,687.33,33.207
2025-07-16 03:02:00+05:30,687.33,687.4,687.32,687.39,20.935
2025-07-16 03:03:00+05:30,687.4,687.66,687.39,687.66,408.056
2025-07-16 03:04:00+05:30,687.66,687.69,687.33,687.33,83.175
2025-07-16 03:05:00+05:30,687.33,687.38,687.32,687.37,18.283
2025-07-16 03:06:00+05:30,687.38,687.9,687.37,687.81,90.615
2025-07-16 03:07:00+05:30,687.81,688.0,687.81,687.99,104.526
2025-07-16 03:08:00+05:30,688.0,688.14,687.99,688.12,42.554
2025-07-16 03:09:00+05:30,688.13,688.13,688.12,688.13,11.715
2025-07-16 03:10:00+05:30,688.12,688.12,687.84,688.1,82.22
2025-07-16 03:11:00+05:30,688.09,688.5,688.09,688.5,111.473
2025-07-16 03:12:00+05:30,688.49,688.6,688.49,688.59,31.707
2025-07-16 03:13:00+05:30,688.6,688.92,688.59,688.77,256.584
2025-07-16 03:14:00+05:30,688.77,689.0,688.73,688.93,193.564
2025-07-16 03:15:00+05:30,688.93,689.14,688.93,689.14,94.713
2025-07-16 03:16:00+05:30,689.14,689.23,688.89,688.9,85.025
2025-07-16 03:17:00+05:30,688.9,688.9,688.7,688.71,32.107
2025-07-16 03:18:00+05:30,688.7,688.71,688.34,688.42,70.237
2025-07-16 03:19:00+05:30,688.42,688.48,688.37,688.48,21.278
2025-07-16 03:20:00+05:30,688.49,688.53,688.48,688.52,23.902
2025-07-16 03:21:00+05:30,688.53,688.79,688.52,688.79,36.677
2025-07-16 03:22:00+05:30,688.79,688.91,688.79,688.9,16.266
2025-07-16 03:23:00+05:30,688.91,688.91,688.8,688.81,29.178
2025-07-16 03:24:00+05:30,688.81,688.85,688.8,688.84,7.681
2025-07-16 03:25:00+05:30,688.85,688.86,688.84,688.85,10.194
2025-07-16 03:26:00+05:30,688.86,688.86,688.82,688.86,44.328
2025-07-16 03:27:00+05:30,688.85,689.25,688.85,689.25,74.648
2025-07-16 03:28:00+05:30,689.25,689.25,689.08,689.08,22.762
2025-07-16 03:29:00+05:30,689.08,689.23,689.07,689.23,19.805
2025-07-16 03:30:00+05:30,689.23,689.24,688.23,688.37,171.406
2025-07-16 03:31:00+05:30,688.38,688.75,688.38,688.52,55.113
2025-07-16 03:32:00+05:30,688.51,688.52,688.1,688.11,117.381
2025-07-16 03:33:00+05:30,688.11,688.15,687.8,687.81,62.281
2025-07-16 03:34:00+05:30,687.8,688.08,687.68,687.9,80.113
2025-07-16 03:35:00+05:30,687.91,688.23,687.9,688.23,63.495
2025-07-16 03:36:00+05:30,688.24,688.6,688.23,688.46,65.658
2025-07-16 03:37:00+05:30,688.46,688.86,688.46,688.86,18.385
2025-07-16 03:38:00+05:30,688.86,688.89,688.6,688.61,84.175
2025-07-16 03:39:00+05:30,688.61,688.86,688.6,688.86,48.521
2025-07-16 03:40:00+05:30,688.86,688.86,688.7,688.75,11.753
2025-07-16 03:41:00+05:30,688.75,688.8,688.74,688.79,22.315
2025-07-16 03:42:00+05:30,688.8,688.91,688.79,688.9,15.31
2025-07-16 03:43:00+05:30,688.91,688.96,688.85,688.95,16.827
2025-07-16 03:44:00+05:30,688.96,689.07,688.96,689.02,15.816
2025-07-16 03:45:00+05:30,689.02,689.1,688.93,689.1,40.14
2025-07-16 03:46:00+05:30,689.1,689.25,689.09,689.24,8.818
2025-07-16 03:47:00+05:30,689.24,689.26,689.2,689.25,20.933
2025-07-16 03:48:00+05:30,689.26,689.3,689.25,689.26,17.499
2025-07-16 03:49:00+05:30,689.26,689.26,688.87,689.19,100.222
2025-07-16 03:50:00+05:30,689.19,689.24,689.14,689.15,49.598
2025-07-16 03:51:00+05:30,689.15,689.16,689.15,689.15,54.954
2025-07-16 03:52:00+05:30,689.15,689.34,689.15,689.33,42.394
2025-07-16 03:53:00+05:30,689.33,689.42,689.33,689.41,49.96
2025-07-16 03:54:00+05:30,689.42,689.45,689.41,689.45,13.288
2025-07-16 03:55:00+05:30,689.44,689.45,689.44,689.44,29.987
2025-07-16 03:56:00+05:30,689.44,689.45,689.44,689.45,22.921
2025-07-16 03:57:00+05:30,689.45,689.54,689.44,689.54,21.493
2025-07-16 03:58:00+05:30,689.53,689.54,689.44,689.46,95.19
2025-07-16 03:59:00+05:30,689.46,689.46,689.27,689.27,87.926
2025-07-16 04:00:00+05:30,689.28,689.34,689.2,689.24,38.896
2025-07-16 04:01:00+05:30,689.23,689.23,689.09,689.1,61.38
2025-07-16 04:02:00+05:30,689.1,689.1,688.89,688.9,55.344
2025-07-16 04:03:00+05:30,688.9,688.93,688.6,688.6,69.657
2025-07-16 04:04:00+05:30,688.6,688.66,688.4,688.66,81.601
2025-07-16 04:05:00+05:30,688.66,688.87,688.66,688.81,202.14
2025-07-16 04:06:00+05:30,688.8,688.88,688.8,688.88,38.802
2025-07-16 04:07:00+05:30,688.89,689.3,688.89,689.29,80.396
2025-07-16 04:08:00+05:30,689.29,689.33,689.29,689.32,31.953
2025-07-16 04:09:00+05:30,689.33,689.33,689.25,689.31,31.9
2025-07-16 04:10:00+05:30,689.31,689.48,689.31,689.47,31.766
2025-07-16 04:11:00+05:30,689.48,689.57,689.47,689.57,30.07
2025-07-16 04:12:00+05:30,689.57,689.67,689.57,689.66,56.015
2025-07-16 04:13:00+05:30,689.65,689.89,689.65,689.89,61.849
2025-07-16 04:14:00+05:30,689.9,690.2,689.9,690.2,227.419
2025-07-16 04:15:00+05:30,690.19,690.25,690.19,690.21,47.822
2025-07-16 04:16:00+05:30,690.22,690.24,690.03,690.04,48.95
2025-07-16 04:17:00+05:30,690.04,690.05,689.94,689.95,23.813
2025-07-16 04:18:00+05:30,689.94,690.03,689.64,689.7,196.731
2025-07-16 04:19:00+05:30,689.7,689.97,689.69,689.97,15.509
2025-07-16 04:20:00+05:30,689.97,690.2,689.96,690.19,36.661
2025-07-16 04:21:00+05:30,690.2,690.3,690.2,690.29,63.774
2025-07-16 04:22:00+05:30,690.3,690.8,690.29,690.79,86.828
2025-07-16 04:23:00+05:30,690.79,690.85,690.7,690.7,107.23
2025-07-16 04:24:00+05:30,690.7,690.7,690.6,690.69,22.465
2025-07-16 04:25:00+05:30,690.69,690.93,690.69,690.93,81.637
2025-07-16 04:26:00+05:30,690.93,690.99,690.92,690.99,59.359
2025-07-16 04:27:00+05:30,690.99,690.99,690.94,690.95,145.479
2025-07-16 04:28:00+05:30,690.95,690.95,690.94,690.95,26.87
2025-07-16 04:29:00+05:30,690.94,690.95,690.94,690.94,39.421
2025-07-16 04:30:00+05:30,690.94,692.13,690.94,692.12,487.143
2025-07-16 04:31:00+05:30,692.13,692.4,692.12,692.31,89.599
2025-07-16 04:32:00+05:30,692.31,692.5,692.31,692.35,107.084
2025-07-16 04:33:00+05:30,692.36,692.36,692.2,692.24,57.035
2025-07-16 04:34:00+05:30,692.25,692.41,692.25,692.4,71.547
2025-07-16 04:35:00+05:30,692.4,692.41,692.15,692.29,57.815
2025-07-16 04:36:00+05:30,692.28,692.4,692.28,692.4,41.453
2025-07-16 04:37:00+05:30,692.4,692.52,692.39,692.51,64.171
2025-07-16 04:38:00+05:30,692.52,692.75,692.51,692.65,80.026
2025-07-16 04:39:00+05:30,692.65,692.76,692.64,692.73,54.772
2025-07-16 04:40:00+05:30,692.73,692.73,691.99,692.5,708.181
2025-07-16 04:41:00+05:30,692.45,692.51,692.45,692.46,70.458
2025-07-16 04:42:00+05:30,692.46,692.46,692.37,692.4,30.434
2025-07-16 04:43:00+05:30,692.4,692.7,692.37,692.7,1355.795
2025-07-16 04:44:00+05:30,692.69,692.8,692.64,692.8,71.053
2025-07-16 04:45:00+05:30,692.8,692.8,692.71,692.74,108.653
2025-07-16 04:46:00+05:30,692.74,693.09,692.74,693.08,183.751
2025-07-16 04:47:00+05:30,693.08,693.21,692.97,692.98,113.622
2025-07-16 04:48:00+05:30,692.98,692.98,692.9,692.9,34.47
2025-07-16 04:49:00+05:30,692.91,692.91,692.74,692.89,125.124
2025-07-16 04:50:00+05:30,692.9,692.9,692.52,692.53,62.151
2025-07-16 04:51:00+05:30,692.52,692.52,692.45,692.46,26.4
2025-07-16 04:52:00+05:30,692.46,692.58,692.38,692.57,51.521
2025-07-16 04:53:00+05:30,692.58,692.58,692.39,692.4,54.073
2025-07-16 04:54:00+05:30,692.4,692.56,692.38,692.42,195.505
2025-07-16 04:55:00+05:30,692.43,692.98,692.43,692.98,80.273
2025-07-16 04:56:00+05:30,692.98,692.98,692.61,692.62,46.768
2025-07-16 04:57:00+05:30,692.62,692.66,692.61,692.66,67.419
2025-07-16 04:58:00+05:30,692.66,692.67,692.54,692.54,25.074
2025-07-16 04:59:00+05:30,692.54,692.55,692.54,692.55,32.134
2025-07-16 05:00:00+05:30,692.55,692.62,692.46,692.46,195.614
2025-07-16 05:01:00+05:30,692.45,692.6,692.37,692.54,45.406
2025-07-16 05:02:00+05:30,692.54,692.54,692.4,692.4,53.12
2025-07-16 05:03:00+05:30,692.41,692.41,692.3,692.3,132.554
2025-07-16 05:04:00+05:30,692.31,692.47,692.01,692.11,88.392
2025-07-16 05:05:00+05:30,692.12,692.2,692.1,692.19,88.941
2025-07-16 05:06:00+05:30,692.19,692.42,691.02,691.99,1300.32
2025-07-16 05:07:00+05:30,691.99,691.99,690.81,691.0,1963.726
2025-07-16 05:08:00+05:30,691.0,691.21,689.86,689.87,1325.246
2025-07-16 05:09:00+05:30,689.87,690.16,689.75,689.76,405.043
2025-07-16 05:10:00+05:30,689.76,690.1,689.76,690.1,211.194
2025-07-16 05:11:00+05:30,690.1,690.29,689.99,690.08,356.441
2025-07-16 05:12:00+05:30,690.07,690.2,689.99,690.03,304.56
2025-07-16 05:13:00+05:30,690.03,690.28,689.36,690.28,748.052
2025-07-16 05:14:00+05:30,690.28,690.76,690.28,690.75,136.653
2025-07-16 05:15:00+05:30,690.76,690.76,690.45,690.6,82.071
2025-07-16 05:16:00+05:30,690.6,690.6,690.42,690.42,10.123
